alpha_snorna,alpha_disease,k_snorna,k_disease,association_weight,mean_auc,std_auc,mean_aupr,std_aupr
0.7,0.7,20,30,0.8,0.843154174884944,0.0217653906326847,0.8306502020624729,0.024709864199993947
