fold,auc,aupr
1,0.8482905982905984,0.8520929004439876
2,0.827827087442472,0.7983533694582465
3,0.8727399737015121,0.865868266398944
4,0.8106097961867192,0.8210078858851421
5,0.8563034188034189,0.8159285881260443
