Metric,Mean,Std,Min,Max,Median
AUC,0.843154174884944,0.0217653906326847,0.8106097961867192,0.8727399737015121,0.8482905982905984
AUPR,0.8306502020624729,0.024709864199993947,0.7983533694582465,0.865868266398944,0.8210078858851421
